url,title,content,sentiment
https://www.iaea.org/newscenter/news/what-is-nuclear-energy-the-science-of-nuclear-power,What is Nuclear Energy? The Science of Nuclear Power | IAEA,"If you would like to learn more about the IAEA‚Äôs work, sign up for our weekly updates containing our most important news, multimedia and more. Nuclear energy is a form of energy released from the nucleus, the core of atoms, made up of protons and neutrons. This source of energy can be produced in two ways: fission ‚Äì when nuclei of atoms split into several parts ‚Äì or fusion ‚Äì when nuclei fuse together. The nuclear energy harnessed around the world today to produce electricity is through nuclear f",0.9921
https://www.britannica.com/technology/nuclear-power,"Nuclear power | Definition, Issues, & Facts | Britannica","Our editors will review what you‚Äôve submitted and determine whether to revise the article. nuclear power,  electricity generated by power plants that derive their heat from fission in a nuclear reactor. Except for the reactor, which plays the role of a boiler in a fossil-fuel power plant, a nuclear power plant is similar to a large coal-fired power plant, with pumps, valves, steam generators, turbines, electric generators, condensers, and associated equipment. Nuclear power provides almost 15 pe",0.9951
https://world-nuclear.org/information-library/country-profiles/countries-t-z/usa-nuclear-power,Nuclear Power in the USA - World Nuclear Association,"Total generation (in 2022): 4502 TWh Generation mix:¬†natural gas 1742 TWh (39%); coal 909 TWh (20%); nuclear 804 TWh (18%); wind 440 TWh (10%); hydro 286 TWh (6%); solar 189 TWh (4%); biofuels & waste 66.8 TWh; oil 41.5 TWh; geothermal 19.6 TWh. Import/export balance:¬†41.2 TWh net import (56.9 TWh imports; 15.7 TWh exports) Total consumption: 4071 TWh Per capita consumption:¬†c. 12,000 kWh in 2022 Source: International Energy Agency and The World Bank. Data for year 2022. In its Annual Energy Out",1.0
https://www.iea.org/energy-system/electricity/nuclear-power,Nuclear - IEA,"Fossil Fuels Renewables Electricity Low-Emission Fuels Transport Industry Buildings Energy Efficiency and Demand Carbon Capture, Utilisation and Storage Decarbonisation Enablers COP28: Tracking the Energy Outcomes Energy Security Climate Change Access and Affordability Artificial Intelligence Net Zero Emissions Russia's War on Ukraine The IEA's 50th Anniversary Energy and Gender Investment Data explorers Understand and manipulate data with easy to use explorers and trackers Data sets Free and pa",0.9999
https://world-nuclear.org/information-library/nuclear-fuel-cycle/nuclear-power-reactors/nuclear-power-reactors,Nuclear Power Reactors - World Nuclear Association,"This page is about the main conventional types of nuclear reactor. See also pages on¬†Advanced Nuclear Power Reactors,¬†Small Nuclear Power Reactors, Fast Neutron Reactors and¬†Generation IV Nuclear Reactors. A nuclear reactor produces and controls the release of energy from splitting the atoms of certain elements. In a nuclear power reactor, the energy released is used as heat to make steam to generate electricity. (In a research reactor the main purpose is to utilize the actual neutrons produced ",0.9994
https://drawdown.org/solutions/nuclear-power,Nuclear Power | Project Drawdown,"The transition to clean energy presents opportunities for education and employment for communities everywhere. Project Drawdown‚Äôs programs are working to advance climate solutions‚Äîsuch as plant-rich diets‚Äîacross the world. DISCOVER helps you find Project Drawdown resources that meet your unique needs and interests. Project Drawdown is helping the world stop climate change ‚Äì as quickly, safely, and equitably as possible. Nuclear power is slow to build, expensive, and risky, and it¬†creates radioac",0.996
https://www.iaea.org/,International Atomic Energy Agency | Atoms for Peace and Development,"If you would like to learn more about the IAEA‚Äôs work, sign up for our weekly updates containing our most important news, multimedia and more. Kai Mykk√§nen, Minister of Climate and the Environment of Finland and the co-chair of the IAEA's upcoming 2024 Ministerial Conference on Nuclear Science, Technology and Applications and the Technical Cooperation Programme, discusses the conference's significance and how nuclear science and technology helps provide solutions to global challenges.¬†
 
       ",0.9926
https://www.nationalgrid.com/stories/energy-explained/what-nuclear-energy-and-why-it-considered-clean-energy,What is nuclear energy? | Why is nuclear a clean energy? | National Grid Group,"The power of the atom has been at the heart of electricity generation for more than half a century. Now nuclear fission ‚Äì the process by which nuclear energy is used to generate electricity ‚Äì looks set to support the future of clean, net zero energy systems globally. Nuclear energy has been part of the global energy mix since nuclear reactors first started producing power in the early 1950s. From its heyday in the 1960s to the late 1980s, nuclear power‚Äôs popularity has risen and fallen ‚Äì and has",0.9991
https://www.nei.org/resources/fact-sheets/u-s-nuclear-plants,Attention Required! | Cloudflare,"This website is using a security service to protect itself from online attacks. The action you just performed triggered the security solution. There are several actions that could trigger this block including submitting a certain word or phrase, a SQL command or malformed data. You can email the site owner to let them know you were blocked. Please include what you were doing when this page came up and the Cloudflare Ray ID found at the bottom of this page. 
Cloudflare Ray ID: 8e7c57d89a91439c
‚Ä¢
",0.729
https://liftoff.energy.gov/advanced-nuclear-2/,Advanced Nuclear - Pathways to Commercial Liftoff,"AI and data center load growth is aligning the fundamentals for new nuclear with requirements for 24/7 power, valuing decarbonization, and investment in new generation assets.¬†¬† In 2022, utilities were shutting down nuclear reactors; in 2024, they are extending reactor operations to 80 years, planning to uprate capacity, and restarting formerly closed reactors.¬† ¬† Resources:  Download the full report here. Download the summary presentation here. Nuclear provides a differentiated value propositio",0.9968
https://world-nuclear.org/information-library/nuclear-fuel-cycle/nuclear-power-reactors/nuclear-power-reactors,Nuclear Power Reactors - World Nuclear Association,"This page is about the main conventional types of nuclear reactor. See also pages on¬†Advanced Nuclear Power Reactors,¬†Small Nuclear Power Reactors, Fast Neutron Reactors and¬†Generation IV Nuclear Reactors. A nuclear reactor produces and controls the release of energy from splitting the atoms of certain elements. In a nuclear power reactor, the energy released is used as heat to make steam to generate electricity. (In a research reactor the main purpose is to utilize the actual neutrons produced ",0.9994
https://www.eia.gov/energyexplained/nuclear/us-nuclear-industry.php,U.S. nuclear industry - U.S. Energy Information Administration (EIA),"Menu Crude oil, gasoline, heating oil, diesel, propane, and other liquids including biofuels and natural gas liquids. Exploration and reserves, storage, imports and exports, production, prices, sales. Sales, revenue and prices, power plants, fuel use, stocks, generation, trade, demand & emissions.
								 Energy use in homes, commercial buildings, manufacturing, and transportation. Reserves, production, prices, employment and productivity, distribution, stocks, imports and exports. Includes hy",0.9965
https://www.nei.org/resources/fact-sheets/u-s-nuclear-plants,Attention Required! | Cloudflare,"This website is using a security service to protect itself from online attacks. The action you just performed triggered the security solution. There are several actions that could trigger this block including submitting a certain word or phrase, a SQL command or malformed data. You can email the site owner to let them know you were blocked. Please include what you were doing when this page came up and the Cloudflare Ray ID found at the bottom of this page. 
Cloudflare Ray ID: 8e7c5830097a32d3
‚Ä¢
",0.729
https://www.iaea.org/newscenter/news/what-are-small-modular-reactors-smrs,What are Small Modular Reactors (SMRs)? | IAEA,"If you would like to learn more about the IAEA‚Äôs work, sign up for our weekly updates containing our most important news, multimedia and more. Small modular reactors (SMRs)¬†have a power capacity of up to 300 MW(e) per unit. Many SMRs, which can be factory-assembled and transported to a location for installation, are envisioned for markets¬†such as industrial applications or remote areas with limited grid capacity. (Image: A. Vargas/IAEA) Small modular reactors (SMRs) are advanced nuclear reactors",0.9991
https://www.barrons.com/articles/russia-us-news-nuclear-energy-electricity-c6997988,barrons.com,Please enable JS and disable any ad blocker,0.3182
https://www.barrons.com/articles/russia-us-news-nuclear-energy-electricity-c6997988,barrons.com,Please enable JS and disable any ad blocker,0.3182
https://www.epa.gov/radiation/radionuclide-basics-uranium,Radionuclide Basics: Uranium | US EPA,"An official website of the United States government Here‚Äôs how you know 
Official websites use .gov
 A .gov website belongs to an official government organization in the United States.
               
Secure .gov websites use HTTPS
 A lock (LockA locked padlock) or https:// means you‚Äôve safely connected to the .gov website. Share sensitive information only on official, secure websites.
               JavaScript appears to be disabled on this computer. Please click here to see any active alerts. ",-0.9466
https://www.oecd-nea.org/jcms/pl_79960/uranium-2022-resources-production-and-demand?details=true,"Nuclear Energy Agency (NEA) - Uranium 2022: Resources, Production and Demand","Uranium is the main raw material fuelling all nuclear fission reactors today. Countries around the world use it to reliably generate low-carbon electricity, process heat and hydrogen as part of their plans to reduce carbon emissions and increase energy security and supply. There is no nuclear fission power possible ‚Äì of whatever kind ‚Äì without uranium. This 29th edition of the ‚ÄúRed Book‚Äù, a recognised world reference on uranium jointly prepared by the Nuclear Energy Agency (NEA) and the Internat",0.9337
https://world-nuclear.org/information-library/nuclear-fuel-cycle/uranium-resources/supply-of-uranium,Supply of Uranium - World Nuclear Association,"Uranium is a relatively common element in the crust of the Earth (very much more than in the mantle). It is a metal approximately as common as tin or zinc, and it is a constituent of most rocks and even of the sea. Table 1: Typical natural uranium concentrations ppm = parts per million
* Where uranium is at low levels in rock or sands (certainly less than 1000 ppm) it needs to be in a form which is easily separated for those concentrations to be called 'ore' ‚Äì that is, implying that the uranium",1.0
https://www.oecd-nea.org/jcms/pl_79960/uranium-2022-resources-production-and-demand?details=true,"Nuclear Energy Agency (NEA) - Uranium 2022: Resources, Production and Demand","Uranium is the main raw material fuelling all nuclear fission reactors today. Countries around the world use it to reliably generate low-carbon electricity, process heat and hydrogen as part of their plans to reduce carbon emissions and increase energy security and supply. There is no nuclear fission power possible ‚Äì of whatever kind ‚Äì without uranium. This 29th edition of the ‚ÄúRed Book‚Äù, a recognised world reference on uranium jointly prepared by the Nuclear Energy Agency (NEA) and the Internat",0.9337
https://atlas.eia.gov/maps/eia::power-plants,Power Plants,,0.0
https://www.epa.gov/power-sector/power-plants-and-neighboring-communities,Power Plants and Neighboring Communities | US EPA,"An official website of the United States government Here‚Äôs how you know 
Official websites use .gov
 A .gov website belongs to an official government organization in the United States.
               
Secure .gov websites use HTTPS
 A lock (LockA locked padlock) or https:// means you‚Äôve safely connected to the .gov website. Share sensitive information only on official, secure websites.
               JavaScript appears to be disabled on this computer. Please click here to see any active alerts. ",0.997
https://austinenergy.com/about/company-profile/electric-system/power-plants,Power Plants,"As a department of the City of Austin, Austin Energy uses an independent, online tool to provide automated (machine) translations on our websites. As with any machine translation, context and accuracy cannot be guaranteed. If you experience difficulty with our translated text or need assistance, please call 512-494-9400 or 3-1-1 to speak with a representative. Thank you. Como departamento de la Ciudad de Austin, Austin Energy utiliza una herramienta en l√≠nea independiente para proporcionar tradu",0.9628
https://www.arnolditkin.com/blog/plant-accidents/the-10-biggest-power-plants-in-the-u-s-/,10 Biggest Power Plants in the US | Plant Accident Attorneys,"Located across the country, power plants play a critical role in supplying electricity to all Americans. These industrial facilities generate electricity through various means, typically using generators that convert mechanical energy into electrical energy. Mechanical energy, which is defined as the sum of kinetic energy (created by motion) and potential energy (created by position or electric charge), can be created in a power plant using a primary fuel (such as coal, natural gas, or uranium) ",0.9976
https://www.arcgis.com/apps/dashboards/201fc98c0d74482d8b3acb0c4cc47f16,ArcGIS Dashboards,,0.0
https://www.nrdc.org/issues/renewable-energy,Renewable Energy,"The second Trump administration poses the gravest threat to our environment that we‚Äôve ever faced‚Äîso our work to stop it begins NOW. Your gift will be 2X MATCHED to help our lawyers, scientists, and policy experts defend our planet from Trump‚Äôs dangerous Project 2025 agenda. Lance Cheung/U.S. Air Force The science is clear: We must cut carbon pollution and other greenhouse gas emissions by at least half‚Äîin this decade‚Äîto avert a climate catastrophe. With this imperative in mind, we must remain l",0.9997
https://www.nyserda.ny.gov/About/Funding/Clean-Energy-Fund,Clean Energy Fund - NYSERDA,"The Clean Energy Fund (CEF), approved by the Public Service Commission (PSC) Order on January 21, 2016 and later modified on September 9, 2021 was established as a commitment to clean energy and efficiency measures, recognizing that deploying programs at scale has potential to address the pressing environmental and energy challenges, while providing enormous economic opportunity for New York. For questions regarding the Clean Energy Fund, email [email¬†protected].  
 NYSERDA offers objective info",0.9944
https://www.nyserda.ny.gov/All-Programs/Regional-Clean-Energy-Hubs,Regional Clean Energy Hubs Program - NYSERDA,"Connecting you to the clean energy economy. 
New York State is embarking on a transition to an inclusive clean energy economy. All residents, businesses, and communities statewide will have access to new opportunities to benefit from this transition, including clean energy careers, home improvements, and incentives to lower the cost of clean energy technologies like electric vehicles and heat pumps. But these various opportunities come with  a lot of information to digest, and people may not kno",0.9994
https://www.energy.gov/CleanEnergyCorps,ERROR: The request could not be satisfied,,0.0
https://www.nyserda.ny.gov/All-Programs/Regional-Clean-Energy-Hubs,Regional Clean Energy Hubs Program - NYSERDA,"Connecting you to the clean energy economy. 
New York State is embarking on a transition to an inclusive clean energy economy. All residents, businesses, and communities statewide will have access to new opportunities to benefit from this transition, including clean energy careers, home improvements, and incentives to lower the cost of clean energy technologies like electric vehicles and heat pumps. But these various opportunities come with  a lot of information to digest, and people may not kno",0.9994
https://www.energy.gov/CleanEnergyCorps,ERROR: The request could not be satisfied,,0.0
https://www.nei.org/advanced-nuclear-energy/advanced-nuclear-101,Attention Required! | Cloudflare,"This website is using a security service to protect itself from online attacks. The action you just performed triggered the security solution. There are several actions that could trigger this block including submitting a certain word or phrase, a SQL command or malformed data. You can email the site owner to let them know you were blocked. Please include what you were doing when this page came up and the Cloudflare Ray ID found at the bottom of this page. 
Cloudflare Ray ID: 8e7c5acadb8a0c7e
‚Ä¢
",0.729
https://www.energy.gov/oced/advanced-nuclear,ERROR: The request could not be satisfied,,0.0
https://liftoff.energy.gov/advanced-nuclear-2/,Advanced Nuclear - Pathways to Commercial Liftoff,"AI and data center load growth is aligning the fundamentals for new nuclear with requirements for 24/7 power, valuing decarbonization, and investment in new generation assets.¬†¬† In 2022, utilities were shutting down nuclear reactors; in 2024, they are extending reactor operations to 80 years, planning to uprate capacity, and restarting formerly closed reactors.¬† ¬† Resources:  Download the full report here. Download the summary presentation here. Nuclear provides a differentiated value propositio",0.9968
https://world-nuclear.org/information-library/nuclear-fuel-cycle/nuclear-power-reactors/advanced-nuclear-power-reactors,Advanced Nuclear Power Reactors - World Nuclear Association,"* For smaller advanced reactors see the companion page on Small Nuclear Power Reactors. The nuclear power industry has been developing and improving reactor technology for more than five decades and is starting to build the next generation of nuclear power reactors to fill new orders. Several generations of reactors are commonly distinguished. Generation I reactors were developed in 1950-60s, and the last one shut down in the UK in 2015. Generation II reactors are typified by the present US and ",1.0
https://www.rff.org/publications/explainers/advanced-nuclear-reactors-101/,Advanced Nuclear Reactors 101,"By examining the technological characteristics, economic hurdles to implementing advanced nuclear options, and policy options for encouraging implementation, this explainer details the outlook for future development of advanced nuclear energy sources. 
                        Date
                     
                        March 26, 2021

                        
                     
                            Authors
                         
Vincent Gonzales and Lauren Dunlap
 
          ",0.9999
https://www.catf.us/work/advanced-nuclear-energy/,Advanced Nuclear Energy ‚Äì Clean Air Task Force,"Our Work Nuclear energy has great potential to decarbonize the world energy system at the scale and speed needed to meet the climate challenge. We catalyze private sector and government activity to lower the cost, increase deployment speed, and address legacy issues of nuclear technology. Sign up today to receive the latest content from CATF experts. Creating an ecosystem in which nuclear energy technology can flourish CATF supports the creation of a normal, functional global R&D, commercial, re",0.9993
https://www.iaea.org/newscenter/news/what-are-small-modular-reactors-smrs,What are Small Modular Reactors (SMRs)? | IAEA,"If you would like to learn more about the IAEA‚Äôs work, sign up for our weekly updates containing our most important news, multimedia and more. Small modular reactors (SMRs)¬†have a power capacity of up to 300 MW(e) per unit. Many SMRs, which can be factory-assembled and transported to a location for installation, are envisioned for markets¬†such as industrial applications or remote areas with limited grid capacity. (Image: A. Vargas/IAEA) Small modular reactors (SMRs) are advanced nuclear reactors",0.9991
https://nuclearinnovationalliance.org/advanced-nuclear-reactor-technology-primer,Advanced Nuclear Reactor Technology: A Primer | NIA,This primer provides basic information on advanced reactors to help the public and stakeholders understand the promise of innovative nuclear technologies. Dozens are under development around the world; this primer focuses on those in the United States and Canada. This document was last updated in November 2024. ¬©2024 The Nuclear Innovation Alliance,0.9231
https://www.nei.org/advanced-nuclear-energy/advanced-nuclear-faq-(1),Attention Required! | Cloudflare,"This website is using a security service to protect itself from online attacks. The action you just performed triggered the security solution. There are several actions that could trigger this block including submitting a certain word or phrase, a SQL command or malformed data. You can email the site owner to let them know you were blocked. Please include what you were doing when this page came up and the Cloudflare Ray ID found at the bottom of this page. 
Cloudflare Ray ID: 8e7c5b0e0f784213
‚Ä¢
",0.729
https://www.nationalacademies.org/our-work/laying-the-foundation-for-new-and-advanced-nuclear-reactors-in-the-united-states,No Title,,0.0
https://www.oneearth.org/the-7-reasons-why-nuclear-energy-is-not-the-answer-to-solve-climate-change/,7 reasons why nuclear energy is not the answer to solve climate change | One Earth,"Flanked by cooling towers, a nuclear reactor is contained inside a spherical containment building. Grafenrheinfeld Nuclear Power Plant. Image credit: Avda, CC BY SA-3.0 There is a small group of scientists that have proposed replacing 100% of the world‚Äôs fossil fuel power plants with nuclear reactors as a way to solve climate change. Many others propose nuclear grow to satisfy up to 20 percent of all our energy (not just electricity) needs. They advocate that nuclear is a ‚Äúclean‚Äù carbon-free sou",-0.9843
https://www.reddit.com/r/climatechange/comments/1cpuxcw/how_bad_is_nuclear_energy/,Reddit - Dive into anything,"
              This is a place for the rational discussion of the science of climate change. If you want to post about politics or climate policy, try /r/ClimateNews or /r/climatepolicy.
             
    I don‚Äôt know much about climate change or global warming, but I know enough to know that it‚Äôs something I should be worried about.  That said, let‚Äôs say we switched to nuclear energy around the world.  Would the problem get better? Get worse?  Is it as bad as people say it is?
   Anyone can vie",-0.8519
https://www.greenpeace.org/international/story/52758/reasons-why-nuclear-energy-not-way-green-and-peaceful-world/,"
            6 reasons why nuclear energy is not the way to a green and peaceful world - Greenpeace International
    ","Nuclear power is often hailed as a magic bullet solution for the rapid and large-scale decarbonisation of our societies which we all know needs to happen if we have any hope of mitigating the worst effects of the unfolding climate emergency. Among politicians and industry groups, it is consistently favoured over meaningful investment in renewable energy systems, bolstered with misleading claims of its safety, efficiency, stability, and speed of deployment.  With the costs and efficiency of renew",-0.8891
https://www.nrdc.org/stories/nuclear-power-101,Nuclear Power 101,"The second Trump administration poses the gravest threat to our environment that we‚Äôve ever faced‚Äîso our work to stop it begins NOW. Your gift will be 2X MATCHED to help our lawyers, scientists, and policy experts defend our planet from Trump‚Äôs dangerous Project 2025 agenda. How it works, how safe it is, and, ultimately, how its costs outweigh its benefits. Byron Nuclear Generating Station in Ogle County, Illinois iStock Jump to Section Nuclear energy comes from the core of an atom. Atoms make u",-0.9956
https://foe.org/blog/is-nuclear-power-bad-for-the-environment/,"
							Is Nuclear Power Bad for the Environment?
			      ","  Your contribution will benefit Friends of the Earth. Thanks for your interest in Friends of the Earth. You can find information about us and get in touch the following ways: Œî Is nuclear power bad for the environment? Yes. Is it a threat to public health and environmental justice? Yes. Is it also dangerous and expensive? Yes. Electricity from nuclear power plants is generated through the process of nuclear fission. This occurs when a neutron hits the nucleus of certain atoms, splitting the nuc",-0.9777
https://world-nuclear.org/information-library/safety-and-security/safety-of-plants/safety-of-nuclear-power-reactors,Safety of Nuclear Power Reactors - World Nuclear Association,"In relation to nuclear power, safety is closely linked with security, and in the nuclear field also with safeguards. Some distinctions apply: No industry is immune from accidents, but all industries learn from them. In civil aviation, there are accidents every year and each is meticulously analysed. The lessons from nearly one hundred years‚Äô experience mean that reputable airlines are extremely safe. In the chemical industry and oil-gas industry, major accidents also lead to improved safety. The",-0.9987
https://www.cancer.gov/about-cancer/causes-prevention/risk/radiation/nuclear-accidents-fact-sheet,Accidents at Nuclear Power Plants and Cancer Risk - NCI,What is ionizing radiation? What are the health hazards of exposure to ionizing radiation? How are people exposed to ionizing radiation after a nuclear power plant accident? What have researchers learned about cancer risks from nuclear power plant accidents? How long after exposure to I-131 is the risk of thyroid cancer increased? What can people do to protect themselves from health risks associated with exposure to contamination from a nuclear power plant accident? What should cancer patients d,-0.9997
https://eeb.org/investing-in-nuclear-energy-is-bad-for-the-climate-ngos-say/,"Investing in nuclear energy is bad for the climate, NGOs say","Today, EU nuclear energy stakeholders are meeting at the European Nuclear Energy Forum. The nuclear industry and certain EU countries call for more support and subsidies for nuclear power, particularly for Small Modular Reactors (SMRs), in the name of reaching the EU‚Äôs climate goals.¬† Environmental NGOs join voices to contest this claim, arguing that investing in new nuclear power plants will delay decarbonisation and that SMRs fail to answer the industry‚Äôs problems. Governments should rather fo",0.8413
https://ant.epri.com/article/nuclear-good-bad-environment,Is Nuclear Energy Good or Bad for the Environment? | EPRI,"53 State street, 10th Floor, Boston, MA 02109, 888-922-7842
Copyright ¬© 2021 Acquia, Inc.
All Rights Reserved. In 2016, 195 countries signed the Paris Agreement, a commitment to mitigate climate change by reducing greenhouse gas emissions. Many governments and utilities have committed to net-zero emissions by 2050 as a result, and there is a collective interest in identifying scaleable and carbon-neutral solutions to generate reliable energy for society at large. Nuclear energy generates large a",0.9995
https://earth.org/the-advantages-and-disadvantages-of-nuclear-energy/,The Advantages and Disadvantages of Nuclear Energy | Earth.Org,"Get focused newsletters especially designed to be concise and easy to digest Since the first nuclear plant started operations in the 1950s, the world has been highly divided on nuclear as a source of energy. While it is a cleaner alternative to fossil fuels, this type of power is also associated with some of the world‚Äôs most dangerous and deadliest weapons, not to mention nuclear disasters. The extremely high cost and lengthy process to build nuclear plants are compensated by the fact that produ",-0.9552
https://www.nrdc.org/stories/nuclear-power-101,Nuclear Power 101,"The second Trump administration poses the gravest threat to our environment that we‚Äôve ever faced‚Äîso our work to stop it begins NOW. Your gift will be 2X MATCHED to help our lawyers, scientists, and policy experts defend our planet from Trump‚Äôs dangerous Project 2025 agenda. How it works, how safe it is, and, ultimately, how its costs outweigh its benefits. Byron Nuclear Generating Station in Ogle County, Illinois iStock Jump to Section Nuclear energy comes from the core of an atom. Atoms make u",-0.9956
https://world-nuclear.org/information-library/safety-and-security/safety-of-plants/safety-of-nuclear-power-reactors,Safety of Nuclear Power Reactors - World Nuclear Association,"In relation to nuclear power, safety is closely linked with security, and in the nuclear field also with safeguards. Some distinctions apply: No industry is immune from accidents, but all industries learn from them. In civil aviation, there are accidents every year and each is meticulously analysed. The lessons from nearly one hundred years‚Äô experience mean that reputable airlines are extremely safe. In the chemical industry and oil-gas industry, major accidents also lead to improved safety. The",-0.9987
https://www.cancer.gov/about-cancer/causes-prevention/risk/radiation/nuclear-accidents-fact-sheet,Accidents at Nuclear Power Plants and Cancer Risk - NCI,What is ionizing radiation? What are the health hazards of exposure to ionizing radiation? How are people exposed to ionizing radiation after a nuclear power plant accident? What have researchers learned about cancer risks from nuclear power plant accidents? How long after exposure to I-131 is the risk of thyroid cancer increased? What can people do to protect themselves from health risks associated with exposure to contamination from a nuclear power plant accident? What should cancer patients d,-0.9997
https://www.readync.gov/stay-informed/north-carolina-hazards/nuclear,Nuclear | Ready NC,"State Government websites value user privacy. To learn more, view our full privacy policy. Secure websites use HTTPS certificates. A lock icon or https:// means you‚Äôve safely connected to the official website. Main menu North Carolina has four nuclear power plants that serve the state.¬†A major part of the state‚Äôs population lives or works near one of these¬†nuclear plants. Residents near these plants should be aware and prepared in case something were to happen at one of these plants. Nuclear pow",0.7269
https://caneurope.org/myth-buster-nuclear-energy/,Myth buster: Nuclear energy is a dangerous distraction - CAN Europe,"¬† ¬† üìÖ 19/03/2024 More than three-quarters of the EU‚Äôs greenhouse gas emissions stem from our energy consumption, therefore it is vital to stop burning fossil fuels to avert a climate catastrophe. Fortunately,¬† quick, safe, and proven solutions are available and¬† can be rolled out today: Wind and solar energy have become the cheapest source of energy and just within the past year, they grew so fast that newly installed renewables managed to reduce the EU‚Äôs greenhouse gas emissions from electricit",0.995
https://foe.org/blog/is-nuclear-power-bad-for-the-environment/,"
							Is Nuclear Power Bad for the Environment?
			      ","  Your contribution will benefit Friends of the Earth. Thanks for your interest in Friends of the Earth. You can find information about us and get in touch the following ways: Œî Is nuclear power bad for the environment? Yes. Is it a threat to public health and environmental justice? Yes. Is it also dangerous and expensive? Yes. Electricity from nuclear power plants is generated through the process of nuclear fission. This occurs when a neutron hits the nucleus of certain atoms, splitting the nuc",-0.9777
https://earth.org/the-advantages-and-disadvantages-of-nuclear-energy/,The Advantages and Disadvantages of Nuclear Energy | Earth.Org,"Get focused newsletters especially designed to be concise and easy to digest Since the first nuclear plant started operations in the 1950s, the world has been highly divided on nuclear as a source of energy. While it is a cleaner alternative to fossil fuels, this type of power is also associated with some of the world‚Äôs most dangerous and deadliest weapons, not to mention nuclear disasters. The extremely high cost and lengthy process to build nuclear plants are compensated by the fact that produ",-0.9552
https://www.reddit.com/r/climatechange/comments/1cpuxcw/how_bad_is_nuclear_energy/,Reddit - Dive into anything,"
              This is a place for the rational discussion of the science of climate change. If you want to post about politics or climate policy, try /r/ClimateNews or /r/climatepolicy.
             
    I don‚Äôt know much about climate change or global warming, but I know enough to know that it‚Äôs something I should be worried about.  That said, let‚Äôs say we switched to nuclear energy around the world.  Would the problem get better? Get worse?  Is it as bad as people say it is?
   Anyone can vie",-0.8519
https://www.cdc.gov/radiation-emergencies/infographic/nuclear-power-plant-incident.html,Nuclear Power Plant Incident | Radiation Emergencies | CDC,"A .gov website belongs to an official government organization in the United States. A lock (  ) or https:// means you've safely connected to the .gov website. Share sensitive information only on official, secure websites. An infographic detailing the main dangers of a nuclear power plant incident and how you can protect yourself. Nuclear power plants have safety and security procedures in place and are closely monitored by the Nuclear Regulatory Commission (NRC). An accident at a nuclear power p",-0.4404
https://en.wikipedia.org/wiki/Radiation,Radiation - Wikipedia,"
 In physics, radiation is the emission or transmission of energy in the form of waves or particles through space or a material medium.[1][2] This includes:
 Radiation is often categorized as either ionizing or non-ionizing depending on the energy of the radiated particles. Ionizing radiation carries more than 10 electron volts (eV), which is enough to ionize atoms and molecules and break chemical bonds. This is an important distinction due to the large difference in harmfulness to living organi",0.9742
https://www.iaea.org/newscenter/news/what-is-radiation,What is Radiation? | IAEA,"If you would like to learn more about the IAEA‚Äôs work, sign up for our weekly updates containing our most important news, multimedia and more. Radiation is energy that moves from one place to another in a form that can be described as waves or particles. We are exposed to radiation in our everyday life. Some of the most familiar sources of radiation include the sun, microwave ovens in our kitchens and the radios we listen to in our cars. Most of this radiation carries no risk to our health. But ",-0.9448
https://www.who.int/health-topics/radiation,"
	Radiation
","Radiation is energy that travels in the form of waves or particles and is part of our everyday environment. People are exposed to radiation from cosmic rays, as well as to radioactive materials found in the soil, water, food, air and also inside the body. Human-made radiation sources are widely used in medicine, industry, and research. There are two types of radiation: ionizing and non-ionizing radiation. Ionizing radiation is a type of energy released by atoms that travels in the form of electr",0.9799
https://www.epa.gov/radiation/radiation-basics,Radiation Basics | US EPA,"An official website of the United States government Here‚Äôs how you know 
Official websites use .gov
 A .gov website belongs to an official government organization in the United States.
               
Secure .gov websites use HTTPS
 A lock (LockA locked padlock) or https:// means you‚Äôve safely connected to the .gov website. Share sensitive information only on official, secure websites.
               JavaScript appears to be disabled on this computer. Please click here to see any active alerts. ",-0.9949
https://www.webmd.com/cancer/what-to-expect-from-radiation-therapy,Side-Effects of Radiation Therapy for Cancer Treatment,"Radiation therapy treats cancer by using high-energy waves to kill tumor cells. The goal is to destroy or damage the cancer without hurting too many healthy cells. It is given over a certain time period; it can be given around the time of surgery or chemotherapy. It can also be used to ease pain caused by the tumor. This treatment can cause side effects, but they're different for everyone. The ones you have depend on the type of radiation you get, how much you get, the part of your body that get",-0.998
https://www.cdc.gov/radiation-health/about/index.html,Radiation and Your Health | CDC,"A .gov website belongs to an official government organization in the United States. A lock (  ) or https:// means you've safely connected to the .gov website. Share sensitive information only on official, secure websites. Radiation with the highest energy includes forms like far ultraviolet radiation, x-rays, and gamma rays.
X-rays and gamma rays have a lot of energy. When they interact with atoms, they can remove electrons and cause the atom to become ionized. The guiding principle of radiation",0.9453
https://www.britannica.com/science/radiation,"Radiation | Definition, Types, Effects, & Facts | Britannica","Our editors will review what you‚Äôve submitted and determine whether to revise the article. radiation,  flow of atomic and subatomic particles and of waves, such as those that characterize heat rays, light rays, and X rays. All matter is constantly bombarded with radiation of both types from cosmic and terrestrial sources. This article delineates the properties and behaviour of radiation and the matter with which it interacts and describes how energy is transferred from radiation to its surroundi",0.9887
https://www.mayoclinic.org/tests-procedures/radiation-therapy/about/pac-20385162,Radiation therapy - Mayo Clinic,"External beam radiation uses high-powered beams of energy to kill cancer cells. Beams of radiation are precisely aimed at the cancer using a machine that moves around your body. External beam radiation uses high-powered beams of energy to kill cancer cells. Beams of radiation are precisely aimed at the cancer using a machine that moves around your body. Radiation therapy, also called radiotherapy, is a type of cancer treatment. This treatment uses beams of intense energy to kill cancer cells. Ra",-0.9895
https://www.epa.gov/radiation/radiation-health-effects,Radiation Health Effects | US EPA,"An official website of the United States government Here‚Äôs how you know 
Official websites use .gov
 A .gov website belongs to an official government organization in the United States.
               
Secure .gov websites use HTTPS
 A lock (LockA locked padlock) or https:// means you‚Äôve safely connected to the .gov website. Share sensitive information only on official, secure websites.
               JavaScript appears to be disabled on this computer. Please click here to see any active alerts. ",-0.9996
https://en.wikipedia.org/wiki/Chernobyl_disaster,Chernobyl disaster - Wikipedia,"
 The Chernobyl disaster began on 26 April 1986 with the explosion of the No.¬†4 reactor of the Chernobyl Nuclear Power Plant near the city of Pripyat in northern Ukraine, near the Belarus border in the Soviet Union.[1] It is one of only two nuclear energy accidents rated at the maximum severity on the International Nuclear Event Scale, the other being the 2011 Fukushima nuclear accident. The response involved more than 500,000 personnel and cost an estimated 18¬†billion rubles (about $68¬†billion ",-1.0
https://www.hbo.com/chernobyl,Chernobyl | Official Website for the HBO Series | HBO.com,"On April 26, 1986, the Chernobyl Nuclear Power Plant in the Soviet Union suffered a massive explosion. This gripping five-part miniseries tells the powerful and visceral story of the worst man-made accident in history, following the tragedy from the moment of the early-morning explosion through the chaos and loss of life in the ensuing days, weeks and months. The official podcast of the miniseries Chernobyl, from HBO. Join host Peter Sagal (NPR‚Äôs ‚ÄúWait Wait...Don't Tell Me!‚Äù) and series creator,",-0.9823
https://en.wikipedia.org/wiki/Chernobyl_(miniseries),Chernobyl (miniseries) - Wikipedia,"
 Chernobyl is a 2019 historical drama television miniseries that revolves around the Chernobyl disaster of 1986  and the cleanup efforts that followed. The series was created and written by Craig Mazin and directed by Johan Renck. It features an ensemble cast led by Jared Harris, Stellan Skarsg√•rd, Emily Watson, and Paul Ritter. The series was produced by HBO in the United States and Sky UK in the United Kingdom.
 The five-part series premiered simultaneously[a] in the United States on May 6, 2",-0.9991
https://world-nuclear.org/information-library/safety-and-security/safety-of-plants/chernobyl-accident,Chernobyl Accident 1986 - World Nuclear Association,"The April 1986 disaster at the Chernobyla nuclear power plant in Ukraine was the product of a flawed Soviet reactor design coupled with serious mistakes made by the plant operatorsb. It was a direct consequence of Cold War isolation and the resulting lack of any safety culture.  The accident destroyed the Chernobyl 4 reactor, killing 30 operators and firemen within three months and several further deaths later. One person was killed immediately and a second died in hospital soon after as a resul",-0.9999
https://www.imdb.com/title/tt7366338/,Chernobyl (TV Mini Series 2019) - IMDb,"In April 1986, the city of Chernobyl in the Soviet Union suffers one of the worst nuclear disasters in the history of mankind. Consequently, many heroes put their lives on the line in the fo... Read allIn April 1986, the city of Chernobyl in the Soviet Union suffers one of the worst nuclear disasters in the history of mankind. Consequently, many heroes put their lives on the line in the following days, weeks and months.In April 1986, the city of Chernobyl in the Soviet Union suffers one of the w",-0.9735
https://www.amazon.com/Modern-Classics-Chernobyl-Prayer-Chronicle/dp/0241270537,Amazon.com,"Sorry, we just need to make sure you're not a robot. For best results, please make sure your browser is accepting cookies.",0.5903
https://podcasts.apple.com/us/podcast/the-chernobyl-podcast/id1459712981,The Chernobyl Podcast Podcast - Apple Podcasts,"The official podcast of the miniseries Chernobyl, from HBO and Sky. Join host Peter Sagal (NPR√¢¬Ä¬ôs √¢¬Ä¬úWait Wait...Don't Tell Me!√¢¬Ä¬ù) and series creator, writer and executive producer Craig Mazin after each episode as they discuss the true stories that shaped the scenes, themes and characters. Chernobyl airs Mondays at 9 PM on HBO and Tuesdays at 9 PM on Sky Atlantic. The Chernobyl Podcast is also available to stream on HBO NOW and HBO GO starting Monday, May 6 at 10 PM. 08/15/2019  Peter Sagal a",0.9955
https://www.publichealth.va.gov/PUBLICHEALTH/exposures/radiation/sources/chernobyl.asp,Chernobyl Nuclear Power Plant - Public Health,"FAQs Ask a Question Toll Free Numbers Hospitals and Clinics Vet Centers Regional Benefits Offices Regional Loan Centers Cemetery Locations On April 26, 1986, a surge of power destroyed a unit of the Chernobyl nuclear power plant in Ukraine. The accident, and fire afterward, released radioactive material into the environment for about 10 days. Radiation exposure significant enough to cause health problems was limited to areas of Russia, Ukraine, and Belarus.  There is no special exam for Veterans",-0.9779
https://www.amazon.com/Voices-Chernobyl-History-Nuclear-Disaster/dp/0312425848,Amazon.com,"Sorry, we just need to make sure you're not a robot. For best results, please make sure your browser is accepting cookies.",0.5903
https://www.stalker2.com/,No Title,,0.0
https://en.wikipedia.org/wiki/Fukushima_nuclear_accident,Fukushima nuclear accident - Wikipedia,"
 The Fukushima nuclear accident was a major nuclear accident at the Fukushima Daiichi nuclear power plant in ≈åkuma, Fukushima, Japan which began on 11 March 2011. The proximate cause of the accident was the 2011 T≈çhoku earthquake and tsunami, which resulted in electrical grid failure and damaged nearly all of the power plant's backup energy sources. The subsequent inability to sufficiently cool reactors after shutdown compromised containment and resulted in the release of radioactive contaminan",-1.0
https://www.iaea.org/newscenter/focus/fukushima/status-update,Fukushima Daiichi Status Updates | IAEA,"If you would like to learn more about the IAEA‚Äôs work, sign up for our weekly updates containing our most important news, multimedia and more. The Japanese Government has provided the IAEA with a¬†report¬†that summarizes the events and highlights the progress related to recovery operations at the Fukushima Daiichi Nuclear Power Station. The IAEA provided its assessments, which are contained in full at the end of the report. This assessment has been performed on aspects presented in the June 2024 r",0.9998
https://www.nrdc.org/stories/nuclear-power-101,Nuclear Power 101,"The second Trump administration poses the gravest threat to our environment that we‚Äôve ever faced‚Äîso our work to stop it begins NOW. Your gift will be 2X MATCHED to help our lawyers, scientists, and policy experts defend our planet from Trump‚Äôs dangerous Project 2025 agenda. How it works, how safe it is, and, ultimately, how its costs outweigh its benefits. Byron Nuclear Generating Station in Ogle County, Illinois iStock Jump to Section Nuclear energy comes from the core of an atom. Atoms make u",-0.9956
https://world-nuclear.org/information-library/safety-and-security/safety-of-plants/safety-of-nuclear-power-reactors,Safety of Nuclear Power Reactors - World Nuclear Association,"In relation to nuclear power, safety is closely linked with security, and in the nuclear field also with safeguards. Some distinctions apply: No industry is immune from accidents, but all industries learn from them. In civil aviation, there are accidents every year and each is meticulously analysed. The lessons from nearly one hundred years‚Äô experience mean that reputable airlines are extremely safe. In the chemical industry and oil-gas industry, major accidents also lead to improved safety. The",-0.9987
https://www.oneearth.org/the-7-reasons-why-nuclear-energy-is-not-the-answer-to-solve-climate-change/,7 reasons why nuclear energy is not the answer to solve climate change | One Earth,"Flanked by cooling towers, a nuclear reactor is contained inside a spherical containment building. Grafenrheinfeld Nuclear Power Plant. Image credit: Avda, CC BY SA-3.0 There is a small group of scientists that have proposed replacing 100% of the world‚Äôs fossil fuel power plants with nuclear reactors as a way to solve climate change. Many others propose nuclear grow to satisfy up to 20 percent of all our energy (not just electricity) needs. They advocate that nuclear is a ‚Äúclean‚Äù carbon-free sou",-0.9843
https://www.reddit.com/r/climatechange/comments/1cpuxcw/how_bad_is_nuclear_energy/,Reddit - Dive into anything,"
              This is a place for the rational discussion of the science of climate change. If you want to post about politics or climate policy, try /r/ClimateNews or /r/climatepolicy.
             
    I don‚Äôt know much about climate change or global warming, but I know enough to know that it‚Äôs something I should be worried about.  That said, let‚Äôs say we switched to nuclear energy around the world.  Would the problem get better? Get worse?  Is it as bad as people say it is?
   Anyone can vie",-0.8519
https://www.greenpeace.org/international/story/52758/reasons-why-nuclear-energy-not-way-green-and-peaceful-world/,"
            6 reasons why nuclear energy is not the way to a green and peaceful world - Greenpeace International
    ","Nuclear power is often hailed as a magic bullet solution for the rapid and large-scale decarbonisation of our societies which we all know needs to happen if we have any hope of mitigating the worst effects of the unfolding climate emergency. Among politicians and industry groups, it is consistently favoured over meaningful investment in renewable energy systems, bolstered with misleading claims of its safety, efficiency, stability, and speed of deployment.  With the costs and efficiency of renew",-0.8891
https://www.cancer.gov/about-cancer/causes-prevention/risk/radiation/nuclear-accidents-fact-sheet,Accidents at Nuclear Power Plants and Cancer Risk - NCI,What is ionizing radiation? What are the health hazards of exposure to ionizing radiation? How are people exposed to ionizing radiation after a nuclear power plant accident? What have researchers learned about cancer risks from nuclear power plant accidents? How long after exposure to I-131 is the risk of thyroid cancer increased? What can people do to protect themselves from health risks associated with exposure to contamination from a nuclear power plant accident? What should cancer patients d,-0.9997
https://caneurope.org/myth-buster-nuclear-energy/,Myth buster: Nuclear energy is a dangerous distraction - CAN Europe,"¬† ¬† üìÖ 19/03/2024 More than three-quarters of the EU‚Äôs greenhouse gas emissions stem from our energy consumption, therefore it is vital to stop burning fossil fuels to avert a climate catastrophe. Fortunately,¬† quick, safe, and proven solutions are available and¬† can be rolled out today: Wind and solar energy have become the cheapest source of energy and just within the past year, they grew so fast that newly installed renewables managed to reduce the EU‚Äôs greenhouse gas emissions from electricit",0.995
https://foe.org/blog/is-nuclear-power-bad-for-the-environment/,"
							Is Nuclear Power Bad for the Environment?
			      ","  Your contribution will benefit Friends of the Earth. Thanks for your interest in Friends of the Earth. You can find information about us and get in touch the following ways: Œî Is nuclear power bad for the environment? Yes. Is it a threat to public health and environmental justice? Yes. Is it also dangerous and expensive? Yes. Electricity from nuclear power plants is generated through the process of nuclear fission. This occurs when a neutron hits the nucleus of certain atoms, splitting the nuc",-0.9777
https://earth.org/the-advantages-and-disadvantages-of-nuclear-energy/,The Advantages and Disadvantages of Nuclear Energy | Earth.Org,"Get focused newsletters especially designed to be concise and easy to digest Since the first nuclear plant started operations in the 1950s, the world has been highly divided on nuclear as a source of energy. While it is a cleaner alternative to fossil fuels, this type of power is also associated with some of the world‚Äôs most dangerous and deadliest weapons, not to mention nuclear disasters. The extremely high cost and lengthy process to build nuclear plants are compensated by the fact that produ",-0.9552
https://world-nuclear.org/information-library/nuclear-fuel-cycle/nuclear-waste/radioactive-wastes-myths-and-realities,Radioactive Waste ‚Äì Myths and Realities - World Nuclear Association,"Over the years, many views and concerns have been expressed in the media, by the public and other interested groups in relation to the nuclear industry and in particular its waste. Questions have been raised about whether nuclear power should continue when the issue of how to deal with its waste has apparently not yet been satisfactorily resolved. Some of the more commonly expressed views and concerns include: Like all industries, the thermal generation of electricity produces waste. Whatever fu",-0.9993
https://world-nuclear.org/information-library/safety-and-security/safety-of-plants/fukushima-daiichi-accident,Fukushima Daiichi Accident - World Nuclear Association,"The Great East Japan Earthquake of magnitude 9.0 at 2.46 pm on Friday 11 March 2011 did considerable damage in the region, and the large tsunami it created caused very much more. The earthquake was centred 130 km offshore the city of Sendai in Miyagi prefecture on the eastern coast of Honshu Island (the main part of Japan), and was a rare and complex double quake giving a severe duration of about 3 minutes. An area of the seafloor extending 650 km north-south moved typically 10-20 metres horizon",-1.0
https://en.wikipedia.org/wiki/Chernobyl_disaster,Chernobyl disaster - Wikipedia,"
 The Chernobyl disaster began on 26 April 1986 with the explosion of the No.¬†4 reactor of the Chernobyl Nuclear Power Plant near the city of Pripyat in northern Ukraine, near the Belarus border in the Soviet Union.[1] It is one of only two nuclear energy accidents rated at the maximum severity on the International Nuclear Event Scale, the other being the 2011 Fukushima nuclear accident. The response involved more than 500,000 personnel and cost an estimated 18¬†billion rubles (about $68¬†billion ",-1.0
https://www.iaea.org/topics/response/fukushima-daiichi-nuclear-accident,Fukushima Daiichi Nuclear Accident | IAEA,"If you would like to learn more about the IAEA‚Äôs work, sign up for our weekly updates containing our most important news, multimedia and more. On 11 March 2011, Japan was shaken by what became known as the Great East Japan (Tohoku) Earthquake. It was followed by a tsunami which resulted in waves reaching heights of more than 10 meters. The combined impact and repercussions of the earthquake and tsunami caused great loss of life and widespread devastation in north-eastern Japan. The IAEA‚Äôs Incide",0.9945
https://world-nuclear.org/information-library/safety-and-security/safety-of-plants/chernobyl-accident,Chernobyl Accident 1986 - World Nuclear Association,"The April 1986 disaster at the Chernobyla nuclear power plant in Ukraine was the product of a flawed Soviet reactor design coupled with serious mistakes made by the plant operatorsb. It was a direct consequence of Cold War isolation and the resulting lack of any safety culture.  The accident destroyed the Chernobyl 4 reactor, killing 30 operators and firemen within three months and several further deaths later. One person was killed immediately and a second died in hospital soon after as a resul",-0.9999
https://www.britannica.com/event/Fukushima-accident,"Fukushima accident | Summary, Date, Effects, & Facts | Britannica","Our editors will review what you‚Äôve submitted and determine whether to revise the article. The Fukushima accident was an accident in 2011 at the Fukushima Daiichi (‚ÄúNumber One‚Äù) nuclear power plant in Japan. It is the second worst nuclear accident in the history of nuclear power generation, behind the Chernobyl disaster. An earthquake and tsunami led to power loss in the Fukushima Daiichi plant. Without power, the cooling systems failed in three reactors, and their cores subsequently overheated.",-0.9973
https://www.ready.gov/radiation,Radiation Emergencies | Ready.gov,"An official website of the United States government Here‚Äôs how you know 

                                Official websites use .gov
                            

                            A .gov website belongs to an official government organization in the United States.
                         

                                Secure .gov websites use HTTPS
                            

                            A lock (
                            LockA locked padlock
                   ",0.3228
https://theconversation.com/chernobyl-was-historys-worst-nuclear-disaster-now-its-teaching-geologists-about-the-history-of-our-planet-201227,Chernobyl was history‚Äôs worst nuclear disaster. Now it‚Äôs teaching geologists about the history of our planet,"
      Research Fellow, School of Earth and Planetary Sciences and The Institute for Geoscience Research (TIGeR), Curtin University
     Denis Fougerouse is affiliated with the School of Earth and Planetary Sciences and The Institute for Geoscience Research at Curtin University. He receives funding from the Australian Research Council.  Curtin University provides funding as a member of The Conversation AU. View all partners Thirty-seven years ago, on April 26 1986, the reactor of the Chernobyl n",-0.8981
https://www.livescience.com/planet-earth/nuclear-energy/chernobyl-the-worlds-worst-nuclear-disaster,Chernobyl: Facts and history of the world's worst nuclear disaster | Live Science,"There are plenty of unanswered questions about Chernobyl, the site of the world's worst nuclear disaster.  
When you purchase through links on our site, we may earn an affiliate commission. Here‚Äôs how it works.
 In the early morning hours of April 26, 1986, the Chernobyl Nuclear Power Plant in Ukraine (formerly part of the Soviet Union) exploded, creating what many consider the worst nuclear disaster the world has ever seen. Even after many years of scientific research and government investigati",-0.9998
https://inl.gov/trending-topics/three-mile-island/,Three Mile Island - Idaho National Laboratory,"Practical, Carbon-Free Solutions For Our Sustainable Future Everyday Defense for All Americans (IDAHO FALLS, Idaho) ‚Äî Following an extensive nationwide search, David Teter has been selected as the Idaho National Laboratory‚Äôs next deputy laboratory director for management It‚Äôs a long way from the Donbas region of Ukraine to Idaho, but Ukrainian officials recently made the trip to learn about collecting evidence after Artists shape clay into a new form at the potter‚Äôs wheel. When fired in the kiln",-0.9711
https://www.argonelectronics.com/blog/idaho-falls-first-nuclear-meltdown-in-americas-history,Idaho Falls: The First Nuclear Meltdown in America‚Äôs History,"
                               Written by
                                
                                    Bryan W Sommers - SGM U.S. Army, Ret.
                                
                                 
                             on 11 April 2024
                               

                        
              The explosion at SL-1 U.S. Army research facility near Idaho Falls in 1961 during the early years of nuclear power development was a grim and tragic reminder of the ",-0.9989
https://www.mayoclinic.org/diseases-conditions/radiation-sickness/symptoms-causes/syc-20377058,Radiation sickness - Symptoms and causes - Mayo Clinic,"Radiation sickness is damage to the body caused by a large dose of radiation often received over a short time. This is called acute radiation sickness. The amount of radiation absorbed by the body, called the absorbed dose, determines how bad the illness will be. Radiation sickness also is called acute radiation syndrome or radiation poisoning. Radiation sickness is not caused by common medical imaging tests that use low-dose radiation, such as X-rays, CT scans and nuclear medicine scans. Althou",-0.9934
https://my.clevelandclinic.org/health/diseases/24328-radiation-sickness,Radiation Sickness (Acute Radiation Syndrome),"Radiation sickness (acute radiation syndrome) or ‚Äúradiation poisoning‚Äù is a life-threatening condition that results from significant exposure to ionizing radiation. It‚Äôs most likely to happen after a radiological or nuclear emergency, not from medical procedures. It has a distinct order of symptoms based on the amount of exposure. Advertisement Cleveland Clinic is a non-profit academic medical center. Advertising on our site helps support our mission. We do not endorse non-Cleveland Clinic produ",-0.9934
https://medlineplus.gov/ency/article/000026.htm,Radiation sickness: MedlinePlus Medical Encyclopedia,"
            An official website of the United States government
           Here√¢¬Ä¬ôs how you know 
Official websites use .govA
              .gov website belongs to an official government
              organization in the United States.
             
Secure .gov websites use HTTPSA
              lock (
              
Lock
Locked padlock icon


 ) or https:// means you√¢¬Ä¬ôve safely connected to
              the .gov website. Share sensitive information only on official,
              sec",-0.987
https://www.cdc.gov/radiation-emergencies/signs-symptoms/acute-radiation-syndrome.html,Acute Radiation Syndrome | Radiation Emergencies | CDC,"A .gov website belongs to an official government organization in the United States. A lock (  ) or https:// means you've safely connected to the .gov website. Share sensitive information only on official, secure websites. Acute Radiation Syndrome (ARS), or radiation sickness, is a serious illness. It can happen when you are exposed to very high levels of radiation, usually over a short period of time. The amount of radiation your body absorbs is called the radiation dose. When exposed to radiati",-0.9665
https://www.epa.gov/radiation/radiation-health-effects,Radiation Health Effects | US EPA,"An official website of the United States government Here‚Äôs how you know 
Official websites use .gov
 A .gov website belongs to an official government organization in the United States.
               
Secure .gov websites use HTTPS
 A lock (LockA locked padlock) or https:// means you‚Äôve safely connected to the .gov website. Share sensitive information only on official, secure websites.
               JavaScript appears to be disabled on this computer. Please click here to see any active alerts. ",-0.9996
https://www.mayoclinic.org/diseases-conditions/radiation-sickness/diagnosis-treatment/drc-20377061,Radiation sickness - Diagnosis and treatment - Mayo Clinic,"When a person has experienced known or probable exposure to a high dose of radiation from an accident or attack, medical personnel take a number of steps to determine the absorbed radiation dose. This information is essential for determining how serious the illness is likely to be, which treatments to use and whether a person is likely to survive. Information important for determining an absorbed dose includes: The treatment goals for radiation sickness are to prevent further radioactive contami",0.4356
https://www.merckmanuals.com/home/injuries-and-poisoning/radiation-injury/radiation-injury,Radiation Injury - Radiation Injury - Merck Manual Consumer Version,"Radiation injury is damage to tissues caused by exposure to ionizing radiation.  Large doses of ionizing radiation can cause acute illness by reducing the production of blood cells and damaging the digestive tract. A very large dose of ionizing radiation can also damage the heart and blood vessels (cardiovascular system), brain, and skin. Radiation injury due to large and very large doses is referred to as a tissue reaction. The dose needed to cause visible tissue injury varies with tissue type.",-0.9999
https://remm.hhs.gov/exposureonly.htm,"
      Radiation Exposure: Diagnose and Manage Acute Radiation Syndrome (ARS) -
      Radiation Emergency Medical Management
    ","
You are here: Home >
                    Choose Appropriate Algorithm
                    >
                    Radiation Exposure: Diagnose and Manage Acute Radiation
                        Syndrome (ARS)
                      
",0.0
https://www.webmd.com/cancer/radiation-sickness-facts,"Radiation Sickness: Facts, Symptoms, Treatment","Radiation sickness happens when a large dose of high-energy radiation goes through your body and reaches your internal organs. It takes far more than what you might get from any medical treatment to cause it. Doctors named the illness, which is technically known as acute radiation syndrome, after the atomic bombings that ended World War II. It's not clear how many of the 150,000 to 250,000 people killed in those attacks died from radiation sickness. But estimates at the time put the number in th",-0.998
https://www.cancer.org/cancer/managing-cancer/treatment-types/radiation/effects-on-different-parts-of-body.html,Side Effects of Radiation Therapy | Radiation Effects on Body   | American Cancer Society,Espa√±ol PDFs by language Espa√±ol PDFs by language Our 24/7 cancer helpline provides information and answers for people dealing with cancer. We can connect you with trained cancer information specialists who will answer questions about a cancer diagnosis and provide guidance and a compassionate ear.¬†  Chat live online Select the¬†Live¬†Chat button at the bottom of the page¬†  Call us at¬†1-800-227-2345 Available any time of day or night Our highly trained specialists are available 24/7 via phone and ,-0.9998
https://world-nuclear.org/information-library/safety-and-security/safety-of-plants/fukushima-daiichi-accident,Fukushima Daiichi Accident - World Nuclear Association,"The Great East Japan Earthquake of magnitude 9.0 at 2.46 pm on Friday 11 March 2011 did considerable damage in the region, and the large tsunami it created caused very much more. The earthquake was centred 130 km offshore the city of Sendai in Miyagi prefecture on the eastern coast of Honshu Island (the main part of Japan), and was a rare and complex double quake giving a severe duration of about 3 minutes. An area of the seafloor extending 650 km north-south moved typically 10-20 metres horizon",-1.0
https://en.wikipedia.org/wiki/Chernobyl_disaster,Chernobyl disaster - Wikipedia,"
 The Chernobyl disaster began on 26 April 1986 with the explosion of the No.¬†4 reactor of the Chernobyl Nuclear Power Plant near the city of Pripyat in northern Ukraine, near the Belarus border in the Soviet Union.[1] It is one of only two nuclear energy accidents rated at the maximum severity on the International Nuclear Event Scale, the other being the 2011 Fukushima nuclear accident. The response involved more than 500,000 personnel and cost an estimated 18¬†billion rubles (about $68¬†billion ",-1.0
https://www.iaea.org/topics/response/fukushima-daiichi-nuclear-accident,Fukushima Daiichi Nuclear Accident | IAEA,"If you would like to learn more about the IAEA‚Äôs work, sign up for our weekly updates containing our most important news, multimedia and more. On 11 March 2011, Japan was shaken by what became known as the Great East Japan (Tohoku) Earthquake. It was followed by a tsunami which resulted in waves reaching heights of more than 10 meters. The combined impact and repercussions of the earthquake and tsunami caused great loss of life and widespread devastation in north-eastern Japan. The IAEA‚Äôs Incide",0.9945
https://world-nuclear.org/information-library/safety-and-security/safety-of-plants/chernobyl-accident,Chernobyl Accident 1986 - World Nuclear Association,"The April 1986 disaster at the Chernobyla nuclear power plant in Ukraine was the product of a flawed Soviet reactor design coupled with serious mistakes made by the plant operatorsb. It was a direct consequence of Cold War isolation and the resulting lack of any safety culture.  The accident destroyed the Chernobyl 4 reactor, killing 30 operators and firemen within three months and several further deaths later. One person was killed immediately and a second died in hospital soon after as a resul",-0.9999
https://www.britannica.com/event/Fukushima-accident,"Fukushima accident | Summary, Date, Effects, & Facts | Britannica","Our editors will review what you‚Äôve submitted and determine whether to revise the article. The Fukushima accident was an accident in 2011 at the Fukushima Daiichi (‚ÄúNumber One‚Äù) nuclear power plant in Japan. It is the second worst nuclear accident in the history of nuclear power generation, behind the Chernobyl disaster. An earthquake and tsunami led to power loss in the Fukushima Daiichi plant. Without power, the cooling systems failed in three reactors, and their cores subsequently overheated.",-0.9973
https://www.cdc.gov/radiation-emergencies/infographic/nuclear-power-plant-incident.html,Nuclear Power Plant Incident | Radiation Emergencies | CDC,"A .gov website belongs to an official government organization in the United States. A lock (  ) or https:// means you've safely connected to the .gov website. Share sensitive information only on official, secure websites. An infographic detailing the main dangers of a nuclear power plant incident and how you can protect yourself. Nuclear power plants have safety and security procedures in place and are closely monitored by the Nuclear Regulatory Commission (NRC). An accident at a nuclear power p",-0.4404
https://www.ready.gov/radiation,Radiation Emergencies | Ready.gov,"An official website of the United States government Here‚Äôs how you know 

                                Official websites use .gov
                            

                            A .gov website belongs to an official government organization in the United States.
                         

                                Secure .gov websites use HTTPS
                            

                            A lock (
                            LockA locked padlock
                   ",0.3228
https://inl.gov/trending-topics/three-mile-island/,Three Mile Island - Idaho National Laboratory,"Practical, Carbon-Free Solutions For Our Sustainable Future Everyday Defense for All Americans (IDAHO FALLS, Idaho) ‚Äî Following an extensive nationwide search, David Teter has been selected as the Idaho National Laboratory‚Äôs next deputy laboratory director for management It‚Äôs a long way from the Donbas region of Ukraine to Idaho, but Ukrainian officials recently made the trip to learn about collecting evidence after Artists shape clay into a new form at the potter‚Äôs wheel. When fired in the kiln",-0.9711
https://www.oecd-nea.org/jcms/pl_27411/fukushima-daiichi-nuclear-accident,Nuclear Energy Agency (NEA) - Fukushima Daiichi nuclear accident,"On 11 March 2011, Japan was struck by a massive earthquake of magnitude 9.0 on the Richter scale, which initiated a tsunami that inundated a large portion of the east coast of Japan. The tsunami caused massive devastation and approximately 20 000 people were killed or were declared missing. The tsunami also led to one of the most severe nuclear power site accidents in history, at the Tokyo Electric Power Company (TEPCO) Fukushima Daiichi Nuclear Power Plant. Three of the station‚Äôs six reactors s",0.835
